{
  "height" : 720,
  "width" : 1280,
  "intrinsic_matrix" : [ 602.480835, 0, 0, 0, 602.329712, 0, 635.4808875, 367.031006, 1 ]
}